,KOSPI Index,M1WO Index,KBPMABIN Index,BTSYTRUH Index
KOSPI Index,0.028566388738022436,0.010421606752198378,-0.0005065331788788556,-0.0006438023200557975
M1WO Index,0.010421606752198378,0.023451320898924072,-0.0003740069184876639,-0.001064506216772392
KBPMABIN Index,-0.0005065331788788556,-0.0003740069184876639,0.0006818938554890575,0.00017520664889606475
BTSYTRUH Index,-0.0006438023200557975,-0.001064506216772392,0.00017520664889606475,0.0006846844984949352
